#{"t_start": 1522494660.6319315, "env_id": "HalfCheetah-v2"}
r,l,t
-394.473846,1000,6.535903
-336.583234,1000,10.719956
-310.446391,1000,14.961136
-471.099677,1000,19.051195
-409.264856,1000,23.293221
-415.021676,1000,27.4959
-782.702754,1000,31.738059
-448.79872,1000,35.907099
-330.863284,1000,40.061186
-359.407867,1000,44.278405
-342.747854,1000,48.485398
-247.032481,1000,52.658115
-434.722998,1000,56.730295
-111.792629,1000,60.946738
-55.614833,1000,65.153754
-323.417417,1000,69.311363
-316.376375,1000,73.391704
-380.38057,1000,77.512777
-396.836649,1000,81.69624
-338.4783,1000,85.831377
-537.006617,1000,89.952731
-366.555035,1000,94.033146
-561.282954,1000,98.214909
-210.761143,1000,102.410426
-93.151009,1000,106.567199
-500.0593,1000,110.626422
-187.023275,1000,114.840432
-544.612408,1000,118.986616
183.46221,1000,123.172692
-7.446757,1000,127.223712
-135.042618,1000,131.416624
-120.985494,1000,135.596199
215.433634,1000,139.808537
13.289832,1000,143.921785
-51.82101,1000,148.092401
609.875006,1000,152.247815
614.207176,1000,156.446117
752.715404,1000,160.606577
702.38187,1000,164.751631
446.367392,1000,168.898288
926.703197,1000,173.107201
845.571566,1000,177.250883
-502.473093,1000,181.354767
998.581012,1000,185.505089
-462.886614,1000,189.715218
258.950011,1000,193.87068
676.571198,1000,198.013114
852.840246,1000,202.175938
235.902556,1000,206.376182
1267.017749,1000,210.521733
850.844494,1000,214.679374
-493.140068,1000,218.779737
-290.7368,1000,222.975726
482.324934,1000,227.116283
1126.175627,1000,231.352496
519.047046,1000,235.393057
252.052538,1000,239.597529
-314.928741,1000,243.750013
62.093766,1000,248.015212
1249.737322,1000,252.071267
1147.837552,1000,256.294313
-3.319575,1000,260.448797
979.81157,1000,264.667051
-173.983164,1000,268.761974
1348.556541,1000,272.936687
1299.721958,1000,277.090099
1121.076945,1000,281.311954
1072.689199,1000,285.414132
1276.002986,1000,289.531148
402.653139,1000,293.668325
1531.502331,1000,297.911362
-142.924008,1000,302.101317
-568.452108,1000,306.296869
-572.315806,1000,310.460383
1585.387294,1000,314.726873
-501.204238,1000,318.940274
-560.414784,1000,323.225161
1460.716153,1000,327.293308
-234.144515,1000,331.579697
-565.626701,1000,335.753345
-582.159644,1000,340.035533
488.164365,1000,344.092385
1080.090452,1000,348.392341
185.893457,1000,352.572961
1508.955582,1000,356.826719
1465.787605,1000,360.954361
-227.381512,1000,365.19053
160.87894,1000,369.352001
1302.497511,1000,373.633135
1273.305087,1000,377.769914
1344.962353,1000,381.911741
1716.240133,1000,386.048402
-534.078968,1000,390.325497
1264.365074,1000,394.473795
1321.519342,1000,398.680209
1229.587791,1000,402.769008
1319.455783,1000,407.021825
1532.671318,1000,411.199967
1357.234431,1000,415.502063
1551.332229,1000,419.532311
-603.207325,1000,423.79893
810.56408,1000,427.964591
1412.370656,1000,432.253467
1318.56387,1000,436.350878
-496.281569,1000,440.599205
559.660808,1000,444.762042
1439.526309,1000,449.053729
1394.085955,1000,453.207705
1640.458137,1000,457.42443
-275.814768,1000,461.56319
-600.300479,1000,465.867852
1448.842214,1000,470.002547
1306.51653,1000,474.260699
1356.090663,1000,478.346208
1500.523973,1000,482.6131
1569.909038,1000,486.805019
-422.194021,1000,491.059202
1376.780342,1000,495.113903
1221.328396,1000,499.440979
1289.404249,1000,503.598416
1468.576616,1000,507.890774
924.741489,1000,511.938882
847.995931,1000,516.249703
1145.142944,1000,520.406814
1289.805143,1000,524.681821
1413.927984,1000,528.780451
1595.894456,1000,533.043963
1670.21403,1000,537.21288
1337.483358,1000,541.501
1631.972563,1000,545.648395
1274.505216,1000,549.829434
460.774238,1000,553.978143
-597.621835,1000,558.308895
1521.967527,1000,562.428038
1487.215346,1000,566.700217
1748.114714,1000,570.773579
1502.131089,1000,575.085424
1730.391355,1000,579.250031
1807.580949,1000,583.583646
1647.762386,1000,587.620133
1585.212634,1000,591.922097
1813.855932,1000,596.067555
1781.348697,1000,600.427909
1755.615115,1000,604.534604
1841.098229,1000,608.787977
-548.659799,1000,612.94343
1399.208998,1000,617.279155
1022.688379,1000,621.402176
1601.202752,1000,625.611239
-541.41275,1000,629.793224
1426.84158,1000,634.123362
928.43301,1000,638.284792
1613.11792,1000,642.528348
1496.661355,1000,646.60493
1533.48886,1000,650.918683
1584.684376,1000,655.061149
1536.247309,1000,659.422739
1594.930101,1000,663.490789
1490.137774,1000,667.862195
85.500363,1000,672.006118
1109.183806,1000,676.348723
1390.529845,1000,680.488033
1245.479485,1000,684.772772
1646.884841,1000,688.961867
1714.251487,1000,693.311315
1687.938815,1000,697.4662
1524.430801,1000,701.794509
1755.875117,1000,705.903558
84.177107,1000,710.26534
1672.674268,1000,714.420626
1511.570331,1000,718.750446
1600.165749,1000,722.80261
1501.846086,1000,727.176731
-450.232984,1000,731.384451
1485.233322,1000,735.748435
1658.453932,1000,739.843961
1294.216792,1000,744.160837
-151.176331,1000,748.358062
1527.713569,1000,752.739001
1620.243588,1000,756.943288
1508.184096,1000,761.241918
1413.511916,1000,765.382972
785.251204,1000,769.770681
1685.291607,1000,773.955339
1731.713169,1000,778.335516
1791.69746,1000,782.383952
1772.345455,1000,786.747185
225.508973,1000,790.873124
1711.983445,1000,795.288503
1632.298592,1000,799.433894
1832.250415,1000,803.745797
1716.312506,1000,807.899163
1806.32597,1000,812.281689
1711.758858,1000,816.424853
1669.433114,1000,820.694982
1416.466237,1000,824.830175
1716.594064,1000,829.196256
1793.813452,1000,833.339049
1806.613083,1000,837.647989
1827.735052,1000,841.701117
1495.297474,1000,846.067436
1830.55853,1000,850.203143
1349.527064,1000,854.568273
1505.18919,1000,858.616824
1752.401514,1000,862.944298
1624.536152,1000,867.081971
1304.961417,1000,871.444552
1554.156703,1000,875.554037
1520.166018,1000,879.851149
1543.929731,1000,884.003096
1622.390783,1000,888.38596
1699.84097,1000,892.543353
1736.16136,1000,896.873794
1668.6721,1000,900.991546
1402.414065,1000,905.388469
1669.60145,1000,909.50167
1658.793223,1000,913.88814
1839.174745,1000,917.927827
1696.969921,1000,922.309986
1700.722114,1000,926.462863
1748.125442,1000,930.822316
1683.018307,1000,934.91908
1751.545373,1000,939.234243
195.693791,1000,943.384736
1489.286013,1000,947.799025
1620.191726,1000,951.978167
1321.112306,1000,956.345217
1450.408262,1000,960.490186
1405.635355,1000,964.910388
1755.1014,1000,969.074935
1712.738287,1000,973.464827
1542.821137,1000,977.500581
1813.076183,1000,981.903531
1471.933838,1000,986.046581
1006.324779,1000,990.454983
1692.965629,1000,994.57045
1866.488953,1000,998.906957
1725.379885,1000,1003.043149
1721.752998,1000,1007.453412
1808.585491,1000,1011.599046
1702.612956,1000,1015.967792
1910.463339,1000,1020.07757
1754.035986,1000,1024.517052
1494.959076,1000,1028.642998
1657.023478,1000,1033.075058
1696.256203,1000,1037.10184
1775.030849,1000,1041.547545
1855.060971,1000,1045.708205
906.334332,1000,1050.105093
1466.065579,1000,1054.210771
1513.221733,1000,1058.54316
1622.261492,1000,1062.712565
1787.496999,1000,1067.153713
1750.914579,1000,1071.30594
1049.507802,1000,1075.685734
1869.11053,1000,1079.778942
1760.19783,1000,1084.257778
1592.729976,1000,1088.420368
1511.821601,1000,1092.903386
1531.794913,1000,1096.967986
1833.600726,1000,1101.364858
1992.137595,1000,1105.535715
1722.20857,1000,1109.9556
1273.121183,1000,1114.152491
1861.110191,1000,1118.547968
1659.324846,1000,1122.722353
1733.505201,1000,1127.202324
1687.734627,1000,1131.40402
1927.531261,1000,1135.910446
1416.083117,1000,1139.988536
1893.620152,1000,1144.49157
1823.214163,1000,1148.626468
1797.631337,1000,1153.061759
1669.02988,1000,1157.21732
1715.919977,1000,1161.568298
1732.221063,1000,1165.701034
1696.245728,1000,1170.149737
1575.753282,1000,1174.309148
1807.591048,1000,1178.729552
1278.010088,1000,1182.815299
1516.52664,1000,1187.297425
1839.89972,1000,1191.473858
1308.559832,1000,1195.93971
1517.918688,1000,1200.048252
1574.74428,1000,1204.467427
1659.632604,1000,1208.613417
1775.392766,1000,1213.110529
1767.819729,1000,1217.275606
1574.989577,1000,1221.747854
1936.993042,1000,1225.856713
1888.633061,1000,1230.367209
1802.333004,1000,1234.551201
1673.192383,1000,1239.071656
1302.805272,1000,1243.121797
1847.443496,1000,1247.553815
1797.380274,1000,1251.721968
1757.660252,1000,1256.239845
1310.230208,1000,1260.439835
1804.79656,1000,1264.852182
1700.610189,1000,1268.935397
1701.40155,1000,1273.446264
1611.663047,1000,1277.625498
2006.591177,1000,1282.164969
1738.148419,1000,1286.27817
2064.533822,1000,1290.768262
1720.459259,1000,1294.924604
1849.759523,1000,1299.439565
1668.834779,1000,1303.604538
2076.585024,1000,1307.997986
1898.684076,1000,1312.147338
2152.789904,1000,1316.637203
1852.289057,1000,1320.78418
1004.643989,1000,1325.293123
1881.641484,1000,1329.333137
1941.986237,1000,1333.845091
7.426219,1000,1337.979912
1706.467242,1000,1342.474327
543.506108,1000,1346.581372
1839.577174,1000,1351.01179
1729.982137,1000,1355.137709
1847.042598,1000,1359.775342
-487.695472,1000,1363.942441
1687.312957,1000,1368.489177
1713.893908,1000,1372.554528
1994.617774,1000,1377.09698
1827.084524,1000,1381.297301
1793.951718,1000,1385.790062
1720.876756,1000,1389.90988
2033.510467,1000,1394.362826
1882.412444,1000,1398.544275
2166.777595,1000,1403.10283
1845.556399,1000,1407.263442
1623.045394,1000,1411.74244
1823.187465,1000,1415.795043
1829.012883,1000,1420.32331
1839.78217,1000,1424.548346
1554.10559,1000,1429.074314
1823.625693,1000,1433.188693
1940.70069,1000,1437.657788
1675.529169,1000,1441.774082
1542.51667,1000,1446.280167
1546.39983,1000,1450.405882
1452.016067,1000,1454.932198
1879.539163,1000,1458.977316
1497.409061,1000,1463.558571
1922.327437,1000,1467.683972
1511.595131,1000,1472.201226
2025.17173,1000,1476.277277
1681.240659,1000,1480.741356
1720.695573,1000,1484.884024
1837.507856,1000,1489.412074
1943.512297,1000,1493.535052
1708.343399,1000,1498.025488
1771.063702,1000,1502.106359
1559.600094,1000,1506.606378
1848.946913,1000,1510.79312
2281.860357,1000,1515.354207
2110.176171,1000,1519.459687
1693.962705,1000,1523.970115
1948.789804,1000,1528.103397
2023.982083,1000,1532.620876
1619.42899,1000,1536.802183
1866.216693,1000,1541.317734
1556.195451,1000,1545.405632
1992.76812,1000,1549.956619
1900.827121,1000,1554.088724
1731.822468,1000,1558.694364
1806.764992,1000,1562.821239
1951.930955,1000,1567.357863
1903.687314,1000,1571.500546
2096.302826,1000,1576.036177
2009.821719,1000,1580.182731
1767.62936,1000,1584.764217
1998.269212,1000,1588.886228
571.386,1000,1593.494672
1745.597741,1000,1597.70666
1809.405411,1000,1602.283445
2033.167554,1000,1606.430971
1594.792432,1000,1610.990662
1552.945553,1000,1615.138525
1950.950202,1000,1619.772556
2159.266195,1000,1623.918502
1589.588604,1000,1628.500354
1843.493357,1000,1632.547331
1764.786767,1000,1637.143852
1965.226329,1000,1641.314538
2012.01878,1000,1645.923132
1987.698868,1000,1650.082665
1549.850702,1000,1654.603779
1901.725652,1000,1658.741705
1958.99463,1000,1663.346139
2082.69609,1000,1667.502366
2043.688002,1000,1672.087885
2184.947694,1000,1676.153249
1755.661209,1000,1680.770694
1890.138032,1000,1684.941489
2028.833853,1000,1689.567751
1713.303272,1000,1693.748517
929.819426,1000,1698.295127
2129.583764,1000,1702.419914
1957.883835,1000,1707.057143
1784.004748,1000,1711.226971
1618.477656,1000,1715.86628
1963.478132,1000,1719.949591
1957.475854,1000,1724.505055
1765.226138,1000,1728.655453
2128.172023,1000,1733.304689
1969.221214,1000,1737.432178
2058.958466,1000,1742.081383
1882.007119,1000,1746.129484
1718.768525,1000,1750.775761
1813.927134,1000,1754.987115
1892.584004,1000,1759.653455
2112.296087,1000,1763.805443
1933.175128,1000,1768.372242
2014.232215,1000,1772.518564
2159.279371,1000,1777.140879
1971.11784,1000,1781.322137
2230.599516,1000,1785.929958
2087.313373,1000,1789.998538
1554.432765,1000,1794.571042
1843.840815,1000,1798.726813
1797.307437,1000,1803.348598
1909.030553,1000,1807.510364
2014.336729,1000,1812.056555
2081.209469,1000,1816.128093
1785.631398,1000,1820.741923
1499.282632,1000,1824.899687
1874.774499,1000,1829.540898
2016.618332,1000,1833.62215
1943.166415,1000,1838.206488
1892.041684,1000,1842.342169
1802.188,1000,1847.005147
1885.385709,1000,1851.175684
1916.911141,1000,1855.812817
2016.375365,1000,1859.869832
2019.316781,1000,1864.545601
2025.209582,1000,1868.728973
1717.26548,1000,1873.401095
2061.919261,1000,1877.570194
2162.381471,1000,1882.153825
1981.045824,1000,1886.279293
2045.990632,1000,1890.916071
1960.074528,1000,1895.11085
2061.248947,1000,1899.75479
1944.846247,1000,1903.858223
1779.649876,1000,1908.506364
1763.321969,1000,1912.672241
1816.479253,1000,1917.321672
1946.02423,1000,1921.470635
1747.082212,1000,1926.151404
1670.015684,1000,1930.224517
1624.531772,1000,1934.886644
1941.661162,1000,1939.046873
2003.658528,1000,1943.764935
1975.280779,1000,1947.931874
2038.437261,1000,1952.570535
1827.691294,1000,1956.720765
1924.589209,1000,1961.400706
2044.432474,1000,1965.579448
1894.933154,1000,1970.275318
2146.842431,1000,1974.35697
2039.831828,1000,1979.007553
1855.169669,1000,1983.158701
1921.127493,1000,1987.805439
2055.587346,1000,1991.932865
2118.943563,1000,1996.645839
1972.545012,1000,2000.71966
2209.026522,1000,2005.420201
2026.914634,1000,2009.58779
1954.829997,1000,2014.287177
1978.721575,1000,2018.466675
1849.644853,1000,2023.113909
1974.808141,1000,2027.214584
1167.198348,1000,2031.905645
1814.940072,1000,2036.085901
2058.258817,1000,2040.815742
1988.310082,1000,2044.951065
2099.545231,1000,2049.600199
1861.808236,1000,2053.77584
1968.845609,1000,2058.483217
1995.755161,1000,2062.666934
1926.502632,1000,2067.419598
1921.466179,1000,2071.507802
1769.357524,1000,2076.235901
1897.555531,1000,2080.40147
1782.591359,1000,2085.073489
1651.390103,1000,2089.219815
2006.690853,1000,2093.868893
1923.240833,1000,2097.954985
1936.270712,1000,2102.672693
1647.102216,1000,2106.854617
1645.522109,1000,2111.608252
1921.32428,1000,2115.811392
2000.3027,1000,2120.516524
1565.139907,1000,2124.641539
1761.584839,1000,2129.34881
1894.666296,1000,2133.533152
2029.817925,1000,2138.252428
1792.979969,1000,2142.374147
1740.326654,1000,2147.040486
2111.554052,1000,2151.19571
2253.07045,1000,2155.920929
1463.40413,1000,2160.109848
1791.903009,1000,2164.869839
1869.968143,1000,2168.954536
1969.514436,1000,2173.668805
2076.25709,1000,2177.839614
2173.778898,1000,2182.598896
1733.851316,1000,2186.800714
2084.323507,1000,2191.566063
1858.645517,1000,2195.636105
1888.155034,1000,2200.3472
1862.817944,1000,2204.519876
1319.587875,1000,2209.251073
1756.762191,1000,2213.422122
2044.089327,1000,2218.087711
2320.586155,1000,2222.181997
2165.193706,1000,2226.88963
2039.394181,1000,2231.068956
2125.376056,1000,2235.817182
2073.607389,1000,2239.977172
1810.773824,1000,2244.662475
1906.928616,1000,2248.830054
2089.663202,1000,2253.596619
1927.914067,1000,2257.791201
1886.035084,1000,2262.552122
1938.297839,1000,2266.668856
1926.734506,1000,2271.370113
2205.752826,1000,2275.538038
1873.643735,1000,2280.320271
2165.347197,1000,2284.501877
2027.905713,1000,2289.290758
1538.870068,1000,2293.344586
1890.593704,1000,2298.063122
1773.29754,1000,2302.244805
1952.242403,1000,2306.973702
1793.38888,1000,2311.142346
1921.576164,1000,2315.886645
2024.605349,1000,2319.968954
1691.444853,1000,2324.72647
1823.070969,1000,2328.87566
2162.600078,1000,2333.673748
1987.457778,1000,2337.837551
2081.934227,1000,2342.58314
2021.918599,1000,2346.696304
1769.019027,1000,2351.498019
2056.813353,1000,2355.655351
1650.611168,1000,2360.472454
1982.72739,1000,2364.595063
1529.661528,1000,2369.305408
1932.208996,1000,2373.464112
1953.663964,1000,2378.252949
1735.417319,1000,2382.4582
2149.618959,1000,2387.765699
2425.727778,1000,2391.950227
2179.698347,1000,2396.717288
2151.805979,1000,2400.851081
2031.306512,1000,2405.658106
2013.642892,1000,2409.864122
1821.38507,1000,2414.670418
2218.611875,1000,2418.837804
2282.647684,1000,2423.57867
2023.29128,1000,2427.742223
1529.648725,1000,2432.565584
2168.77057,1000,2436.744112
2136.652643,1000,2441.577237
2149.51234,1000,2445.744276
2140.421463,1000,2450.571044
2046.48843,1000,2454.708186
2186.106681,1000,2459.501924
2205.573551,1000,2463.665836
1790.970502,1000,2468.50569
1969.037839,1000,2472.66539
2110.453163,1000,2477.434191
2251.631309,1000,2481.645958
2107.889181,1000,2486.458773
2139.311063,1000,2490.648363
1808.390789,1000,2495.461962
1890.035579,1000,2499.604741
2032.868822,1000,2504.37209
1961.624299,1000,2508.560812
1787.530719,1000,2513.386335
2078.319339,1000,2517.593351
2204.114281,1000,2522.436578
1520.804731,1000,2526.546705
1818.605994,1000,2531.354692
1837.589152,1000,2535.53622
2119.566555,1000,2540.384273
1393.695713,1000,2544.559952
1985.590977,1000,2549.409503
2322.207105,1000,2553.52527
2294.009214,1000,2558.300072
2314.728385,1000,2562.459371
2202.435697,1000,2567.277016
1903.783469,1000,2571.493488
1878.329805,1000,2576.342549
2122.239602,1000,2580.417763
2343.813964,1000,2585.23455
1962.165646,1000,2589.416451
2367.301352,1000,2594.297234
1820.574812,1000,2598.465864
2279.10654,1000,2603.295364
2256.75664,1000,2607.342533
2255.949835,1000,2612.213493
2498.643793,1000,2616.343433
2234.211724,1000,2621.215166
2124.830383,1000,2625.409734
2091.898722,1000,2630.266639
2125.395285,1000,2634.355327
2130.345847,1000,2639.259734
2113.559032,1000,2643.487041
2086.320329,1000,2648.314093
2150.032701,1000,2652.438433
1988.388692,1000,2657.29422
2133.162747,1000,2661.338231
1923.289784,1000,2666.185745
1883.81037,1000,2670.366701
2027.246609,1000,2675.185858
2031.918909,1000,2679.323224
2126.270916,1000,2684.110467
1855.400391,1000,2688.175439
1894.186177,1000,2693.015749
2094.843406,1000,2697.209679
2014.636809,1000,2702.0745
1959.109589,1000,2706.292942
2225.319565,1000,2711.088813
2091.282929,1000,2715.183797
2217.610201,1000,2720.033784
1831.463467,1000,2724.203473
2010.934705,1000,2729.037028
1946.126887,1000,2733.218431
1864.352825,1000,2738.03217
1872.63175,1000,2742.144535
2295.151031,1000,2747.019333
2076.289783,1000,2751.165172
2034.328283,1000,2756.030972
2492.954766,1000,2760.227574
2269.613055,1000,2765.051152
2319.729982,1000,2769.1979
2175.967659,1000,2774.049232
2115.950803,1000,2778.238051
1913.582627,1000,2783.072237
2053.18578,1000,2787.247094
2327.334493,1000,2792.048927
2082.58943,1000,2796.135935
2148.482076,1000,2800.99962
2146.643036,1000,2805.188359
2299.456465,1000,2810.024778
2164.709375,1000,2814.17919
2044.131936,1000,2818.984697
2149.764433,1000,2823.128402
2078.538518,1000,2828.045126
2389.064696,1000,2832.243171
2120.205163,1000,2837.163528
2156.732654,1000,2841.336834
2168.97468,1000,2846.190386
2293.638032,1000,2850.307125
2062.847696,1000,2855.200484
2053.568538,1000,2859.403742
1944.636967,1000,2864.290502
2008.263461,1000,2868.450995
2180.384525,1000,2873.297757
2280.681847,1000,2877.444192
2145.977704,1000,2882.312703
2190.380475,1000,2886.474179
2061.903904,1000,2891.349889
2107.752148,1000,2895.473118
2095.7278,1000,2900.328407
1679.144018,1000,2904.470327
2232.700253,1000,2909.3951
2122.799017,1000,2913.555619
953.522401,1000,2918.465058
2161.177128,1000,2922.666284
2151.918237,1000,2927.552046
2347.796686,1000,2931.671105
2391.620613,1000,2936.582715
2144.407036,1000,2940.744539
2073.257256,1000,2945.666714
2228.139811,1000,2949.864019
2274.313043,1000,2954.770232
2340.227377,1000,2958.875294
2361.685871,1000,2963.795733
2060.880837,1000,2967.944975
2041.609746,1000,2972.903136
2142.594074,1000,2977.117228
2550.802722,1000,2982.04256
2191.651887,1000,2986.132621
2195.195825,1000,2991.04441
2703.497355,1000,2995.237689
2327.054324,1000,3000.177513
1565.94057,1000,3004.367367
2358.992018,1000,3009.295961
2477.832084,1000,3013.352147
2238.848876,1000,3018.305587
2549.588191,1000,3022.502042
2432.111786,1000,3027.496872
2035.632937,1000,3031.717502
2380.91432,1000,3036.650994
1879.230188,1000,3040.74375
2608.886855,1000,3045.691435
2418.093711,1000,3049.893013
2098.25348,1000,3054.871263
1351.567344,1000,3059.052968
2419.017602,1000,3064.022617
2132.166844,1000,3068.148092
2535.71236,1000,3073.063085
2160.277762,1000,3077.272255
1492.800035,1000,3082.236847
2162.905929,1000,3086.398291
2254.746872,1000,3091.396425
2299.040721,1000,3095.601822
2137.25969,1000,3100.519322
2167.374156,1000,3104.698183
2238.760352,1000,3109.653217
2435.858292,1000,3113.847059
2593.080586,1000,3118.820407
2176.686995,1000,3123.016756
2302.318825,1000,3127.933495
2670.378448,1000,3132.053917
2296.292504,1000,3137.027998
2231.593265,1000,3141.189674
2325.494959,1000,3146.199754
2885.201618,1000,3150.378481
2599.075519,1000,3155.380678
2298.090405,1000,3159.446387
2416.086784,1000,3164.439681
2443.984022,1000,3168.663004
2248.048787,1000,3173.666804
2416.999407,1000,3177.848626
2521.18382,1000,3182.849226
2477.408302,1000,3186.929513
2559.34731,1000,3191.891074
2540.686619,1000,3196.093217
2411.451929,1000,3201.095638
2598.49697,1000,3205.303199
2127.787241,1000,3210.325579
2593.966149,1000,3214.44889
2415.658442,1000,3219.411281
2308.32079,1000,3223.590101
2620.700434,1000,3228.580778
2411.814662,1000,3232.77928
2505.451896,1000,3237.795019
2509.140042,1000,3241.995159
2649.813132,1000,3246.980547
2708.995889,1000,3251.084692
2560.553512,1000,3256.070219
2340.028646,1000,3260.291714
2442.707806,1000,3265.369583
2618.604922,1000,3269.593053
2333.735377,1000,3274.632439
2747.853507,1000,3278.704389
2639.4539,1000,3283.7088
1753.133025,1000,3287.893461
2546.378274,1000,3292.912869
2355.86015,1000,3297.07433
2330.513653,1000,3302.092512
2383.291564,1000,3306.174171
2737.628696,1000,3311.148662
2099.147034,1000,3315.333122
2153.38126,1000,3320.356878
2618.024497,1000,3324.539973
2672.062793,1000,3329.56965
2584.009483,1000,3333.744841
2503.699404,1000,3338.714539
2133.918784,1000,3342.858508
2689.694734,1000,3347.893731
2749.063382,1000,3352.08453
2221.979191,1000,3357.162849
2584.917336,1000,3361.356373
2417.62793,1000,3366.373284
2279.807818,1000,3370.475597
2304.624394,1000,3375.475995
1602.812407,1000,3379.683708
2261.288738,1000,3384.748827
1925.582663,1000,3388.943186
2735.851335,1000,3393.95745
2445.987348,1000,3398.00335
2435.8915,1000,3403.040807
2881.828168,1000,3407.253245
2730.856284,1000,3412.296845
2865.796051,1000,3416.48437
2441.890801,1000,3421.518715
2642.544306,1000,3425.658961
2676.69027,1000,3430.666859
2664.778218,1000,3434.83188
2904.274903,1000,3439.895974
2643.458757,1000,3444.079779
2645.779241,1000,3449.139617
2548.307415,1000,3453.335631
2360.153197,1000,3458.356244
2696.330397,1000,3462.454541
2318.374542,1000,3467.484449
2701.919977,1000,3471.657816
2795.723872,1000,3476.713243
2835.369893,1000,3480.918549
2663.93125,1000,3485.975868
2823.445092,1000,3490.019422
2857.741302,1000,3495.101511
2355.738835,1000,3499.287985
2752.664826,1000,3504.395167
2420.725158,1000,3508.588885
2978.799012,1000,3513.667569
2867.946543,1000,3517.79603
2488.669781,1000,3522.852091
2672.764746,1000,3526.959912
2525.505235,1000,3532.03462
2624.009718,1000,3536.233608
2222.614263,1000,3541.288918
2638.159641,1000,3545.476532
2557.185222,1000,3550.53282
2745.334755,1000,3554.633485
2532.622252,1000,3559.690916
2126.365478,1000,3563.855704
2367.698157,1000,3568.944877
2880.36761,1000,3573.127985
2584.29618,1000,3578.197271
2863.970426,1000,3582.285696
2563.44508,1000,3587.344117
2947.302441,1000,3591.520741
2667.544584,1000,3596.610013
2632.481165,1000,3600.808512
2578.878588,1000,3605.948814
2855.393279,1000,3610.146344
2633.07021,1000,3615.213133
1812.186851,1000,3619.395575
2528.089155,1000,3624.499459
2749.920343,1000,3628.717242
2368.492327,1000,3633.809422
2364.590478,1000,3638.01923
2688.609376,1000,3643.097401
3080.238849,1000,3647.197583
2428.485731,1000,3652.270834
2468.710872,1000,3656.459858
2378.945838,1000,3661.554114
2170.931011,1000,3665.801866
2473.496012,1000,3670.916094
3061.057415,1000,3675.109318
2845.829843,1000,3680.205038
2556.493427,1000,3684.314883
2625.809979,1000,3689.430219
2754.532641,1000,3693.633974
2799.349497,1000,3698.806349
2758.489736,1000,3703.002477
2925.985685,1000,3708.096681
2826.469341,1000,3712.15378
2252.483409,1000,3717.260413
2478.676397,1000,3721.476886
2446.879935,1000,3726.610851
2590.868233,1000,3730.80138
3042.114855,1000,3735.935668
3208.068968,1000,3740.102552
2299.113857,1000,3745.188602
2554.720299,1000,3749.331645
2384.596729,1000,3754.415989
2915.324731,1000,3758.59366
2790.611696,1000,3763.728085
2445.059836,1000,3767.900827
2641.982482,1000,3773.04675
2928.727026,1000,3777.120677
2953.639823,1000,3782.250969
2441.65042,1000,3786.427889
2451.754611,1000,3791.597059
3050.963513,1000,3795.794624
2616.764364,1000,3800.935659
2491.807808,1000,3805.068561
2237.140281,1000,3810.182425
2225.34088,1000,3814.308275
2835.993587,1000,3819.407577
2790.379701,1000,3823.588832
2656.86435,1000,3828.708654
2465.447452,1000,3832.885747
2254.152707,1000,3838.053221
2768.267338,1000,3842.134098
2472.138782,1000,3847.267389
2362.30798,1000,3851.433562
2839.565568,1000,3856.548542
2617.779547,1000,3860.713035
2742.581568,1000,3865.8378
2460.983992,1000,3869.9674
2830.450811,1000,3875.099002
2517.575979,1000,3879.213784
2371.325613,1000,3884.338166
2966.537876,1000,3888.513525
2670.47887,1000,3893.663043
3189.254904,1000,3897.831501
2261.3464,1000,3903.001526
2413.858557,1000,3907.070113
2578.899199,1000,3912.231368
2772.236723,1000,3916.436352
3070.462161,1000,3921.586879
2531.15287,1000,3925.770583
2751.058572,1000,3930.945981
3326.730371,1000,3935.15536
1530.997706,1000,3940.304742
1990.946569,1000,3944.421306
2629.34282,1000,3949.546513
3171.102137,1000,3953.740755
3103.916519,1000,3958.984337
2126.84429,1000,3963.185773
3135.024058,1000,3968.388869
2801.434213,1000,3972.510667
3065.122106,1000,3977.664542
2866.882337,1000,3981.840753
3234.681637,1000,3987.041687
2326.43307,1000,3991.223674
3145.152548,1000,3996.399189
3042.713325,1000,4000.60289
3092.197989,1000,4005.788971
3158.456303,1000,4009.849524
2943.268356,1000,4015.038138
3054.663979,1000,4019.230052
3082.309703,1000,4024.399552
2938.18478,1000,4028.57859
3140.470597,1000,4033.775028
3155.254463,1000,4037.904743
3162.678495,1000,4043.043328
2872.673362,1000,4047.164987
3142.49643,1000,4052.359769
3271.18443,1000,4056.551774
2784.154746,1000,4061.745141
3039.192107,1000,4065.919074
3179.728488,1000,4071.146564
2907.782915,1000,4075.303164
2800.862235,1000,4080.466018
3157.09684,1000,4084.631655
3053.991882,1000,4089.825124
3216.034176,1000,4094.01109
2715.086044,1000,4099.236412
3216.988197,1000,4103.406132
2853.819255,1000,4108.602226
2980.504758,1000,4112.654749
2769.891922,1000,4117.852055
2858.049497,1000,4122.033982
2879.27044,1000,4127.264934
2994.123013,1000,4131.452451
3074.526601,1000,4136.634632
3099.849973,1000,4140.7984
2957.85661,1000,4146.028483
2719.946246,1000,4150.161289
3140.227049,1000,4155.352037
2909.120055,1000,4159.530575
3079.340572,1000,4164.78215
2993.282434,1000,4168.973869
3059.363859,1000,4174.222394
3332.351155,1000,4178.360273
3101.936103,1000,4183.568193
3203.625929,1000,4187.688984
2982.130793,1000,4192.890063
3149.076059,1000,4197.091753
2208.091138,1000,4202.350074
3085.384199,1000,4206.540117
2885.711542,1000,4211.786483
2930.339014,1000,4215.877764
2303.25816,1000,4221.102218
3008.153111,1000,4225.307779
3051.400924,1000,4230.557819
3155.902626,1000,4234.731017
3694.82733,1000,4239.984096
3221.577722,1000,4244.184922
3231.283207,1000,4249.425868
3216.818955,1000,4253.49009
3353.61637,1000,4258.735469
3189.673864,1000,4262.922368
3084.004579,1000,4268.208525
3112.916235,1000,4272.398515
3471.417019,1000,4277.659532
3040.031335,1000,4281.81944
3231.752567,1000,4287.098459
3191.936478,1000,4291.163191
3471.867926,1000,4296.4105
3041.934715,1000,4300.603764
3468.031966,1000,4305.859255
3075.955082,1000,4310.032094
2981.815254,1000,4315.332378
3365.705986,1000,4319.48235
2535.90905,1000,4324.7241
3152.873636,1000,4328.809165
3118.898295,1000,4334.056987
3185.27807,1000,4338.225144
3207.662509,1000,4343.50073
3023.229532,1000,4347.68454
3185.941432,1000,4352.935301
3176.533395,1000,4357.076304
2717.492573,1000,4362.374586
3144.28136,1000,4366.502851
2862.978676,1000,4371.780457
3016.397135,1000,4375.946373
3336.156839,1000,4381.22518
3178.950642,1000,4385.421136
2123.489632,1000,4390.798414
3188.047987,1000,4395.03753
3195.192166,1000,4400.375985
2929.46551,1000,4404.54405
2990.916943,1000,4409.897156
3331.397017,1000,4414.196601
3537.395849,1000,4419.672779
3105.55945,1000,4423.971895
3174.837854,1000,4429.497238
3000.401767,1000,4433.74327
